,0
0,Bahrain Grand Prix_2023_FP1_Soft
1,Bahrain Grand Prix_2023_FP1_Medium
2,Bahrain Grand Prix_2023_FP1_Hard
3,Bahrain Grand Prix_2023_FP1_Intermediate
4,Bahrain Grand Prix_2023_FP1_Wet
5,Bahrain Grand Prix_2023_FP2_Soft
6,Bahrain Grand Prix_2023_FP2_Medium
7,Bahrain Grand Prix_2023_FP2_Hard
8,Bahrain Grand Prix_2023_FP2_Intermediate
9,Bahrain Grand Prix_2023_FP2_Wet
10,Bahrain Grand Prix_2023_FP3_Soft
11,Bahrain Grand Prix_2023_FP3_Medium
12,Bahrain Grand Prix_2023_FP3_Hard
13,Bahrain Grand Prix_2023_FP3_Intermediate
14,Bahrain Grand Prix_2023_FP3_Wet
15,Bahrain Grand Prix_2023_Q_Soft
16,Bahrain Grand Prix_2023_Q_Medium
17,Bahrain Grand Prix_2023_Q_Hard
18,Bahrain Grand Prix_2023_Q_Intermediate
19,Bahrain Grand Prix_2023_Q_Wet
20,Saudi Arabian Grand Prix_2023_FP1_Soft
21,Saudi Arabian Grand Prix_2023_FP1_Medium
22,Saudi Arabian Grand Prix_2023_FP1_Hard
23,Saudi Arabian Grand Prix_2023_FP1_Intermediate
24,Saudi Arabian Grand Prix_2023_FP1_Wet
25,Saudi Arabian Grand Prix_2023_FP2_Soft
26,Saudi Arabian Grand Prix_2023_FP2_Medium
27,Saudi Arabian Grand Prix_2023_FP2_Hard
28,Saudi Arabian Grand Prix_2023_FP2_Intermediate
29,Saudi Arabian Grand Prix_2023_FP2_Wet
30,Saudi Arabian Grand Prix_2023_FP3_Soft
31,Saudi Arabian Grand Prix_2023_FP3_Medium
32,Saudi Arabian Grand Prix_2023_FP3_Hard
33,Saudi Arabian Grand Prix_2023_FP3_Intermediate
34,Saudi Arabian Grand Prix_2023_FP3_Wet
35,Saudi Arabian Grand Prix_2023_Q_Soft
36,Saudi Arabian Grand Prix_2023_Q_Medium
37,Saudi Arabian Grand Prix_2023_Q_Hard
38,Saudi Arabian Grand Prix_2023_Q_Intermediate
39,Saudi Arabian Grand Prix_2023_Q_Wet
40,Australian Grand Prix_2023_FP1_Soft
41,Australian Grand Prix_2023_FP1_Medium
42,Australian Grand Prix_2023_FP1_Hard
43,Australian Grand Prix_2023_FP1_Intermediate
44,Australian Grand Prix_2023_FP1_Wet
45,Australian Grand Prix_2023_FP2_Soft
46,Australian Grand Prix_2023_FP2_Medium
47,Australian Grand Prix_2023_FP2_Hard
48,Australian Grand Prix_2023_FP2_Intermediate
49,Australian Grand Prix_2023_FP2_Wet
50,Australian Grand Prix_2023_FP3_Soft
51,Australian Grand Prix_2023_FP3_Medium
52,Australian Grand Prix_2023_FP3_Hard
53,Australian Grand Prix_2023_FP3_Intermediate
54,Australian Grand Prix_2023_FP3_Wet
55,Australian Grand Prix_2023_Q_Soft
56,Australian Grand Prix_2023_Q_Medium
57,Australian Grand Prix_2023_Q_Hard
58,Australian Grand Prix_2023_Q_Intermediate
59,Australian Grand Prix_2023_Q_Wet
60,Azerbaijan Grand Prix_2023_FP1_Soft
61,Azerbaijan Grand Prix_2023_FP1_Medium
62,Azerbaijan Grand Prix_2023_FP1_Hard
63,Azerbaijan Grand Prix_2023_FP1_Intermediate
64,Azerbaijan Grand Prix_2023_FP1_Wet
65,Azerbaijan Grand Prix_2023_Q_Soft
66,Azerbaijan Grand Prix_2023_Q_Medium
67,Azerbaijan Grand Prix_2023_Q_Hard
68,Azerbaijan Grand Prix_2023_Q_Intermediate
69,Azerbaijan Grand Prix_2023_Q_Wet
70,Azerbaijan Grand Prix_2023_SS_Soft
71,Azerbaijan Grand Prix_2023_SS_Medium
72,Azerbaijan Grand Prix_2023_SS_Hard
73,Azerbaijan Grand Prix_2023_SS_Intermediate
74,Azerbaijan Grand Prix_2023_SS_Wet
75,Miami Grand Prix_2023_FP1_Soft
76,Miami Grand Prix_2023_FP1_Medium
77,Miami Grand Prix_2023_FP1_Hard
78,Miami Grand Prix_2023_FP1_Intermediate
79,Miami Grand Prix_2023_FP1_Wet
80,Miami Grand Prix_2023_FP2_Soft
81,Miami Grand Prix_2023_FP2_Medium
82,Miami Grand Prix_2023_FP2_Hard
83,Miami Grand Prix_2023_FP2_Intermediate
84,Miami Grand Prix_2023_FP2_Wet
85,Miami Grand Prix_2023_FP3_Soft
86,Miami Grand Prix_2023_FP3_Medium
87,Miami Grand Prix_2023_FP3_Hard
88,Miami Grand Prix_2023_FP3_Intermediate
89,Miami Grand Prix_2023_FP3_Wet
90,Miami Grand Prix_2023_Q_Soft
91,Miami Grand Prix_2023_Q_Medium
92,Miami Grand Prix_2023_Q_Hard
93,Miami Grand Prix_2023_Q_Intermediate
94,Miami Grand Prix_2023_Q_Wet
95,Monaco Grand Prix_2023_FP1_Soft
96,Monaco Grand Prix_2023_FP1_Medium
97,Monaco Grand Prix_2023_FP1_Hard
98,Monaco Grand Prix_2023_FP1_Intermediate
99,Monaco Grand Prix_2023_FP1_Wet
100,Monaco Grand Prix_2023_FP2_Soft
101,Monaco Grand Prix_2023_FP2_Medium
102,Monaco Grand Prix_2023_FP2_Hard
103,Monaco Grand Prix_2023_FP2_Intermediate
104,Monaco Grand Prix_2023_FP2_Wet
105,Monaco Grand Prix_2023_FP3_Soft
106,Monaco Grand Prix_2023_FP3_Medium
107,Monaco Grand Prix_2023_FP3_Hard
108,Monaco Grand Prix_2023_FP3_Intermediate
109,Monaco Grand Prix_2023_FP3_Wet
110,Monaco Grand Prix_2023_Q_Soft
111,Monaco Grand Prix_2023_Q_Medium
112,Monaco Grand Prix_2023_Q_Hard
113,Monaco Grand Prix_2023_Q_Intermediate
114,Monaco Grand Prix_2023_Q_Wet
115,Spanish Grand Prix_2023_FP1_Soft
116,Spanish Grand Prix_2023_FP1_Medium
117,Spanish Grand Prix_2023_FP1_Hard
118,Spanish Grand Prix_2023_FP1_Intermediate
119,Spanish Grand Prix_2023_FP1_Wet
120,Spanish Grand Prix_2023_FP2_Soft
121,Spanish Grand Prix_2023_FP2_Medium
122,Spanish Grand Prix_2023_FP2_Hard
123,Spanish Grand Prix_2023_FP2_Intermediate
124,Spanish Grand Prix_2023_FP2_Wet
125,Spanish Grand Prix_2023_FP3_Soft
126,Spanish Grand Prix_2023_FP3_Medium
127,Spanish Grand Prix_2023_FP3_Hard
128,Spanish Grand Prix_2023_FP3_Intermediate
129,Spanish Grand Prix_2023_FP3_Wet
130,Spanish Grand Prix_2023_Q_Soft
131,Spanish Grand Prix_2023_Q_Medium
132,Spanish Grand Prix_2023_Q_Hard
133,Spanish Grand Prix_2023_Q_Intermediate
134,Spanish Grand Prix_2023_Q_Wet
135,Canadian Grand Prix_2023_FP1_Soft
136,Canadian Grand Prix_2023_FP1_Medium
137,Canadian Grand Prix_2023_FP1_Hard
138,Canadian Grand Prix_2023_FP1_Intermediate
139,Canadian Grand Prix_2023_FP1_Wet
140,Canadian Grand Prix_2023_FP2_Soft
141,Canadian Grand Prix_2023_FP2_Medium
142,Canadian Grand Prix_2023_FP2_Hard
143,Canadian Grand Prix_2023_FP2_Intermediate
144,Canadian Grand Prix_2023_FP2_Wet
145,Canadian Grand Prix_2023_FP3_Soft
146,Canadian Grand Prix_2023_FP3_Medium
147,Canadian Grand Prix_2023_FP3_Hard
148,Canadian Grand Prix_2023_FP3_Intermediate
149,Canadian Grand Prix_2023_FP3_Wet
150,Canadian Grand Prix_2023_Q_Soft
151,Canadian Grand Prix_2023_Q_Medium
152,Canadian Grand Prix_2023_Q_Hard
153,Canadian Grand Prix_2023_Q_Intermediate
154,Canadian Grand Prix_2023_Q_Wet
155,Austrian Grand Prix_2023_FP1_Soft
156,Austrian Grand Prix_2023_FP1_Medium
157,Austrian Grand Prix_2023_FP1_Hard
158,Austrian Grand Prix_2023_FP1_Intermediate
159,Austrian Grand Prix_2023_FP1_Wet
160,Austrian Grand Prix_2023_Q_Soft
161,Austrian Grand Prix_2023_Q_Medium
162,Austrian Grand Prix_2023_Q_Hard
163,Austrian Grand Prix_2023_Q_Intermediate
164,Austrian Grand Prix_2023_Q_Wet
165,Austrian Grand Prix_2023_SS_Soft
166,Austrian Grand Prix_2023_SS_Medium
167,Austrian Grand Prix_2023_SS_Hard
168,Austrian Grand Prix_2023_SS_Intermediate
169,Austrian Grand Prix_2023_SS_Wet
170,British Grand Prix_2023_FP1_Soft
171,British Grand Prix_2023_FP1_Medium
172,British Grand Prix_2023_FP1_Hard
173,British Grand Prix_2023_FP1_Intermediate
174,British Grand Prix_2023_FP1_Wet
175,British Grand Prix_2023_FP2_Soft
176,British Grand Prix_2023_FP2_Medium
177,British Grand Prix_2023_FP2_Hard
178,British Grand Prix_2023_FP2_Intermediate
179,British Grand Prix_2023_FP2_Wet
180,British Grand Prix_2023_FP3_Soft
181,British Grand Prix_2023_FP3_Medium
182,British Grand Prix_2023_FP3_Hard
183,British Grand Prix_2023_FP3_Intermediate
184,British Grand Prix_2023_FP3_Wet
185,British Grand Prix_2023_Q_Soft
186,British Grand Prix_2023_Q_Medium
187,British Grand Prix_2023_Q_Hard
188,British Grand Prix_2023_Q_Intermediate
189,British Grand Prix_2023_Q_Wet
190,Hungarian Grand Prix_2023_FP1_Soft
191,Hungarian Grand Prix_2023_FP1_Medium
192,Hungarian Grand Prix_2023_FP1_Hard
193,Hungarian Grand Prix_2023_FP1_Intermediate
194,Hungarian Grand Prix_2023_FP1_Wet
195,Hungarian Grand Prix_2023_FP2_Soft
196,Hungarian Grand Prix_2023_FP2_Medium
197,Hungarian Grand Prix_2023_FP2_Hard
198,Hungarian Grand Prix_2023_FP2_Intermediate
199,Hungarian Grand Prix_2023_FP2_Wet
200,Hungarian Grand Prix_2023_FP3_Soft
201,Hungarian Grand Prix_2023_FP3_Medium
202,Hungarian Grand Prix_2023_FP3_Hard
203,Hungarian Grand Prix_2023_FP3_Intermediate
204,Hungarian Grand Prix_2023_FP3_Wet
205,Hungarian Grand Prix_2023_Q_Soft
206,Hungarian Grand Prix_2023_Q_Medium
207,Hungarian Grand Prix_2023_Q_Hard
208,Hungarian Grand Prix_2023_Q_Intermediate
209,Hungarian Grand Prix_2023_Q_Wet
210,Belgian Grand Prix_2023_FP1_Soft
211,Belgian Grand Prix_2023_FP1_Medium
212,Belgian Grand Prix_2023_FP1_Hard
213,Belgian Grand Prix_2023_FP1_Intermediate
214,Belgian Grand Prix_2023_FP1_Wet
215,Belgian Grand Prix_2023_Q_Soft
216,Belgian Grand Prix_2023_Q_Medium
217,Belgian Grand Prix_2023_Q_Hard
218,Belgian Grand Prix_2023_Q_Intermediate
219,Belgian Grand Prix_2023_Q_Wet
220,Belgian Grand Prix_2023_SS_Soft
221,Belgian Grand Prix_2023_SS_Medium
222,Belgian Grand Prix_2023_SS_Hard
223,Belgian Grand Prix_2023_SS_Intermediate
224,Belgian Grand Prix_2023_SS_Wet
225,Dutch Grand Prix_2023_FP1_Soft
226,Dutch Grand Prix_2023_FP1_Medium
227,Dutch Grand Prix_2023_FP1_Hard
228,Dutch Grand Prix_2023_FP1_Intermediate
229,Dutch Grand Prix_2023_FP1_Wet
230,Dutch Grand Prix_2023_FP2_Soft
231,Dutch Grand Prix_2023_FP2_Medium
232,Dutch Grand Prix_2023_FP2_Hard
233,Dutch Grand Prix_2023_FP2_Intermediate
234,Dutch Grand Prix_2023_FP2_Wet
235,Dutch Grand Prix_2023_FP3_Soft
236,Dutch Grand Prix_2023_FP3_Medium
237,Dutch Grand Prix_2023_FP3_Hard
238,Dutch Grand Prix_2023_FP3_Intermediate
239,Dutch Grand Prix_2023_FP3_Wet
240,Dutch Grand Prix_2023_Q_Soft
241,Dutch Grand Prix_2023_Q_Medium
242,Dutch Grand Prix_2023_Q_Hard
243,Dutch Grand Prix_2023_Q_Intermediate
244,Dutch Grand Prix_2023_Q_Wet
245,Italian Grand Prix_2023_FP1_Soft
246,Italian Grand Prix_2023_FP1_Medium
247,Italian Grand Prix_2023_FP1_Hard
248,Italian Grand Prix_2023_FP1_Intermediate
249,Italian Grand Prix_2023_FP1_Wet
250,Italian Grand Prix_2023_FP2_Soft
251,Italian Grand Prix_2023_FP2_Medium
252,Italian Grand Prix_2023_FP2_Hard
253,Italian Grand Prix_2023_FP2_Intermediate
254,Italian Grand Prix_2023_FP2_Wet
255,Italian Grand Prix_2023_FP3_Soft
256,Italian Grand Prix_2023_FP3_Medium
257,Italian Grand Prix_2023_FP3_Hard
258,Italian Grand Prix_2023_FP3_Intermediate
259,Italian Grand Prix_2023_FP3_Wet
260,Italian Grand Prix_2023_Q_Soft
261,Italian Grand Prix_2023_Q_Medium
262,Italian Grand Prix_2023_Q_Hard
263,Italian Grand Prix_2023_Q_Intermediate
264,Italian Grand Prix_2023_Q_Wet
265,Singapore Grand Prix_2023_FP1_Soft
266,Singapore Grand Prix_2023_FP1_Medium
267,Singapore Grand Prix_2023_FP1_Hard
268,Singapore Grand Prix_2023_FP1_Intermediate
269,Singapore Grand Prix_2023_FP1_Wet
270,Singapore Grand Prix_2023_FP2_Soft
271,Singapore Grand Prix_2023_FP2_Medium
272,Singapore Grand Prix_2023_FP2_Hard
273,Singapore Grand Prix_2023_FP2_Intermediate
274,Singapore Grand Prix_2023_FP2_Wet
275,Singapore Grand Prix_2023_FP3_Soft
276,Singapore Grand Prix_2023_FP3_Medium
277,Singapore Grand Prix_2023_FP3_Hard
278,Singapore Grand Prix_2023_FP3_Intermediate
279,Singapore Grand Prix_2023_FP3_Wet
280,Singapore Grand Prix_2023_Q_Soft
281,Singapore Grand Prix_2023_Q_Medium
282,Singapore Grand Prix_2023_Q_Hard
283,Singapore Grand Prix_2023_Q_Intermediate
284,Singapore Grand Prix_2023_Q_Wet
285,Japanese Grand Prix_2023_FP1_Soft
286,Japanese Grand Prix_2023_FP1_Medium
287,Japanese Grand Prix_2023_FP1_Hard
288,Japanese Grand Prix_2023_FP1_Intermediate
289,Japanese Grand Prix_2023_FP1_Wet
290,Japanese Grand Prix_2023_FP2_Soft
291,Japanese Grand Prix_2023_FP2_Medium
292,Japanese Grand Prix_2023_FP2_Hard
293,Japanese Grand Prix_2023_FP2_Intermediate
294,Japanese Grand Prix_2023_FP2_Wet
295,Japanese Grand Prix_2023_FP3_Soft
296,Japanese Grand Prix_2023_FP3_Medium
297,Japanese Grand Prix_2023_FP3_Hard
298,Japanese Grand Prix_2023_FP3_Intermediate
299,Japanese Grand Prix_2023_FP3_Wet
300,Japanese Grand Prix_2023_Q_Soft
301,Japanese Grand Prix_2023_Q_Medium
302,Japanese Grand Prix_2023_Q_Hard
303,Japanese Grand Prix_2023_Q_Intermediate
304,Japanese Grand Prix_2023_Q_Wet
305,Qatar Grand Prix_2023_FP1_Soft
306,Qatar Grand Prix_2023_FP1_Medium
307,Qatar Grand Prix_2023_FP1_Hard
308,Qatar Grand Prix_2023_FP1_Intermediate
309,Qatar Grand Prix_2023_FP1_Wet
310,Qatar Grand Prix_2023_Q_Soft
311,Qatar Grand Prix_2023_Q_Medium
312,Qatar Grand Prix_2023_Q_Hard
313,Qatar Grand Prix_2023_Q_Intermediate
314,Qatar Grand Prix_2023_Q_Wet
315,Qatar Grand Prix_2023_SS_Soft
316,Qatar Grand Prix_2023_SS_Medium
317,Qatar Grand Prix_2023_SS_Hard
318,Qatar Grand Prix_2023_SS_Intermediate
319,Qatar Grand Prix_2023_SS_Wet
320,United States Grand Prix_2023_FP1_Soft
321,United States Grand Prix_2023_FP1_Medium
322,United States Grand Prix_2023_FP1_Hard
323,United States Grand Prix_2023_FP1_Intermediate
324,United States Grand Prix_2023_FP1_Wet
325,United States Grand Prix_2023_FP2_Soft
326,United States Grand Prix_2023_FP2_Medium
327,United States Grand Prix_2023_FP2_Hard
328,United States Grand Prix_2023_FP2_Intermediate
329,United States Grand Prix_2023_FP2_Wet
330,United States Grand Prix_2023_FP3_Soft
331,United States Grand Prix_2023_FP3_Medium
332,United States Grand Prix_2023_FP3_Hard
333,United States Grand Prix_2023_FP3_Intermediate
334,United States Grand Prix_2023_FP3_Wet
335,United States Grand Prix_2023_Q_Soft
336,United States Grand Prix_2023_Q_Medium
337,United States Grand Prix_2023_Q_Hard
338,United States Grand Prix_2023_Q_Intermediate
339,United States Grand Prix_2023_Q_Wet
340,Mexico City Grand Prix_2023_FP1_Soft
341,Mexico City Grand Prix_2023_FP1_Medium
342,Mexico City Grand Prix_2023_FP1_Hard
343,Mexico City Grand Prix_2023_FP1_Intermediate
344,Mexico City Grand Prix_2023_FP1_Wet
345,Mexico City Grand Prix_2023_FP2_Soft
346,Mexico City Grand Prix_2023_FP2_Medium
347,Mexico City Grand Prix_2023_FP2_Hard
348,Mexico City Grand Prix_2023_FP2_Intermediate
349,Mexico City Grand Prix_2023_FP2_Wet
350,Mexico City Grand Prix_2023_FP3_Soft
351,Mexico City Grand Prix_2023_FP3_Medium
352,Mexico City Grand Prix_2023_FP3_Hard
353,Mexico City Grand Prix_2023_FP3_Intermediate
354,Mexico City Grand Prix_2023_FP3_Wet
355,Mexico City Grand Prix_2023_Q_Soft
356,Mexico City Grand Prix_2023_Q_Medium
357,Mexico City Grand Prix_2023_Q_Hard
358,Mexico City Grand Prix_2023_Q_Intermediate
359,Mexico City Grand Prix_2023_Q_Wet
360,São Paulo Grand Prix_2023_FP1_Soft
361,São Paulo Grand Prix_2023_FP1_Medium
362,São Paulo Grand Prix_2023_FP1_Hard
363,São Paulo Grand Prix_2023_FP1_Intermediate
364,São Paulo Grand Prix_2023_FP1_Wet
365,São Paulo Grand Prix_2023_Q_Soft
366,São Paulo Grand Prix_2023_Q_Medium
367,São Paulo Grand Prix_2023_Q_Hard
368,São Paulo Grand Prix_2023_Q_Intermediate
369,São Paulo Grand Prix_2023_Q_Wet
370,São Paulo Grand Prix_2023_SS_Soft
371,São Paulo Grand Prix_2023_SS_Medium
372,São Paulo Grand Prix_2023_SS_Hard
373,São Paulo Grand Prix_2023_SS_Intermediate
374,São Paulo Grand Prix_2023_SS_Wet
375,Las Vegas Grand Prix_2023_FP1_Soft
376,Las Vegas Grand Prix_2023_FP1_Medium
377,Las Vegas Grand Prix_2023_FP1_Hard
378,Las Vegas Grand Prix_2023_FP1_Intermediate
379,Las Vegas Grand Prix_2023_FP1_Wet
380,Las Vegas Grand Prix_2023_FP2_Soft
381,Las Vegas Grand Prix_2023_FP2_Medium
382,Las Vegas Grand Prix_2023_FP2_Hard
383,Las Vegas Grand Prix_2023_FP2_Intermediate
384,Las Vegas Grand Prix_2023_FP2_Wet
385,Las Vegas Grand Prix_2023_FP3_Soft
386,Las Vegas Grand Prix_2023_FP3_Medium
387,Las Vegas Grand Prix_2023_FP3_Hard
388,Las Vegas Grand Prix_2023_FP3_Intermediate
389,Las Vegas Grand Prix_2023_FP3_Wet
390,Las Vegas Grand Prix_2023_Q_Soft
391,Las Vegas Grand Prix_2023_Q_Medium
392,Las Vegas Grand Prix_2023_Q_Hard
393,Las Vegas Grand Prix_2023_Q_Intermediate
394,Las Vegas Grand Prix_2023_Q_Wet
395,Abu Dhabi Grand Prix_2023_FP1_Soft
396,Abu Dhabi Grand Prix_2023_FP1_Medium
397,Abu Dhabi Grand Prix_2023_FP1_Hard
398,Abu Dhabi Grand Prix_2023_FP1_Intermediate
399,Abu Dhabi Grand Prix_2023_FP1_Wet
400,Abu Dhabi Grand Prix_2023_FP2_Soft
401,Abu Dhabi Grand Prix_2023_FP2_Medium
402,Abu Dhabi Grand Prix_2023_FP2_Hard
403,Abu Dhabi Grand Prix_2023_FP2_Intermediate
404,Abu Dhabi Grand Prix_2023_FP2_Wet
405,Abu Dhabi Grand Prix_2023_FP3_Soft
406,Abu Dhabi Grand Prix_2023_FP3_Medium
407,Abu Dhabi Grand Prix_2023_FP3_Hard
408,Abu Dhabi Grand Prix_2023_FP3_Intermediate
409,Abu Dhabi Grand Prix_2023_FP3_Wet
410,Abu Dhabi Grand Prix_2023_Q_Soft
411,Abu Dhabi Grand Prix_2023_Q_Medium
412,Abu Dhabi Grand Prix_2023_Q_Hard
413,Abu Dhabi Grand Prix_2023_Q_Intermediate
414,Abu Dhabi Grand Prix_2023_Q_Wet
